anchor_id	doc	section	trigger_domains	content_hash	lifecycle
field-policy-time-decisions	docs/simthing_core_design.md	heading:## 8. Time, decisions, and the CPU's only job	sim,driver,wgsl,sim-clock,field-policy	007c4ddc0b04199f5b941d1b3256e93ad61a35c0229c34d9b8b4a4ca8c62ed1d	canonical
admission-ladder-necessity-test	docs/design_0_0_8_3.md	heading:### 0.9 Doctrine-as-Type, the kernel authority, and residue-as-tripwire (carry-forward)	none-ci-owned,seal	4bedf826f6f77b675a6080dc3289c17849fb825026d449472d44df324e2062dd	canonical
seal-residue-cross-crate	docs/simthing_core_design.md	heading:### 1.8.1 The kernel crate, the cross-crate seal law, and residue-as-tripwire	kernel,gpu,unsafe-adjacent,seal	c61c33d90efc4c35d5bde431cd91f66e1cf71a3e173abe6e8dc2be3ebf9666a9	canonical
stead-spatial-contract-core	docs/stead_spatial_contract.md	lines:23-59	map,spatial,mapgenerator,clausething-spatial,stead	8585db4ac631f2fb390a6735409a6bc7d61760390a371ea5d6292328cf4accf3	canonical
one-tree-owners-never-spatial	docs/simthing_core_design.md	heading:## 2. The one tree: Scenario wrapper, GameSession root, owners, and spatial containment	spec,hydration,one-tree	9a10c1be61eedf1bdb62ae39c892a90340b73986a4460abe1616219c32bf83aa	canonical
core-property-value-model	docs/simthing_core_design.md	heading:## 3. SimProperty	property-value,kernel-columns	1be54f2e4803867ede60e18af608ed09788a839d32f8b43b94aeb5bbbe5f8bc4	canonical
core-gpu-residency	docs/simthing_core_design.md	heading:## 4. GPU residency	kernel-columns,gpu,driver	f9b19479262a64662188ee9bbfed341f008b146362d92cf868c004addeabdd2e	canonical
core-rf-arenas	docs/simthing_core_design.md	heading:## 5. Resource flow arenas	rf,driver	5dd14f66897bd081fdec1f268530087a1405f60c1c364846eeb89cc5c12a43bc	canonical
core-overlays	docs/simthing_core_design.md	heading:## 6. Overlays	overlay	94a8955e46f2c4953614f3512305967d88f4200b48995f01130d2bfdeed3ed5f	canonical
eml-extension-ladder	docs/eml_gadget_library.md	heading:## 2. Constitutional placement / guardrails	kernel-eml,wgsl	f5c35f583f1a6aec65c2d74811a05d85e6ff6637ef09906c89320d8c54710d9d	canonical
spec-fidelity-anti-ceremony	docs/design_0_0_8_3.md	heading:### 0.6 Specification Fidelity — no silent flattening (the anti-drift law)	closure-surfaces,spec-fidelity	641de4479617e2815289f2a58a613fbe088fa77964845b9b524a412f2493b1c7	canonical
exact-numeric-candidate-f	docs/design_0_0_8_3.md	heading:### 0.7 Exact numeric authority for decision gates	kernel-magnitude,threshold-paths,exact-numeric	aab67f2163ea78e5b1f34feb2928ab72c1c2aac21f6565656b8d7a71315eca33	canonical
drift-detectors-six-line	docs/simthing_core_design.md	heading:## 9. The drift detectors — litmus tests for every change	retain-set,drift-detectors	fbe4d64d7f98e31acf6f5d45dbd80be7394a02f132bf2143721f58aa29dc32d8	canonical
clausething-closed-vertical	docs/design_0_0_8_3.md	heading:## A. Closeout addendum — the ClauseThing vertical (ratified 2026-06-15)	clausething,mapgenerator	beb30ffaba500f7823222ed31b1fd81cf3a02d0fb6fd3f9825b0f3f54f32c1fe	canonical
structural-execution-convergence	docs/stead_spatial_contract.md	heading:## 10. Structural execution convergence (Studio → GPU horizon)	gpu,driver,mapeditor-gpu,studio,structural-execution	6b4cedec482b9b256619a8a66642442637bb26d4bcedc1e33037096c0d75c277	canonical
session-lifecycle-adr-family	docs/adr/README.md	heading:# Architecture Decision Records	driver-session,feeder-session,mapeditor-session	d73fe5a83f25055d741a542c270d40849cbda207d6417983b000f9f068a7f844	canonical
peripheral-scope-adrs	docs/adr/capability_effect_target_scope.md	heading:## Context	feeder,capability-paths	954120316f9e598bb5fc420150c2afec797204458a39045f852cc44ebc433ab5	canonical
founding-ontology-invariants	docs/design_0_0_8_3.md	lines:95-135	founding-ontology	1f06499427879b2132c6bf3a783fa17cc886debd9b25672b61196557db2910e3	canonical
orientation-harness-core	docs/design_0_0_8_4_7_orchestration_harness.md	heading:## 1. Root cause this track closes	orientation,gate-wiring,receipt-admission	8a365d1c086487ee32150d457754df35becc4ad93465874253fc7d40baf2582f	canonical
scanner-selftest-delta-gate	docs/ci_screening_surface.md	heading:### Scanner selftest delta gate	scanner-selftest-gate,gate-wiring	34fb2662baae168aade990530e837bf633a91e9e08956ecbd15caad50efba737	canonical
movement-front	docs/simthing_core_design.md	heading:## 7. Mapping — the Movement-Front automaton over gridcell SimThings	movement-front,map-domain	c91ec957fe0b4933976f2c9a2bb338843f2166b12431afef7cd5ffd6fdc44e27	canonical
workshop-candidate-homing	docs/ci_screening_surface.md	heading:## 12. Workshop is the scenario candidate-code sandbox (owner ruling, 2026-07-04)	scenario-candidate-home	3e584f0ad1754a23a0a7fa841cc5f56ec8ffd4ed8fbc4bc7e0e2e2faf671e848	canonical
simthing-0087-pillars	docs/design_0_0_8_7_rf_arena_modernization.md	heading:## 2. Pillars (Owner requirements, binding at commitment)	core-0087	9de152b04122c3020794c96911cd35b3117e99fe3915e9944a738cbd35be87b7	canonical
simthing-0087-binding-laws	docs/design_0_0_8_7_rf_arena_modernization.md	heading:## 4. Binding laws (carry from day one)	core-0087	a9ca63357da636f2697e0b3625af094c339dc662181ba013a823387a9ed7d978	canonical
rf-arena-substrate	docs/adr/resource_flow_substrate.md	heading:# ADR: Resource Flow Substrate	core-0087	66f2ad02585bf600fbe86f96072ace3ab3cdb87deb7027f11ad4f7a7bcc307e4	canonical
field-sweep-preservation	docs/eml_n4_expansion_digest.md	heading:## 5. Preservation invariants	field-sweep-preservation	ac36e6fb3aea36475ed511b61077585793fd6cf350b6ead45614de0226b239c9	canonical
stead-events-are-rf	docs/simthing_core_design.md	heading:### 1.3 Events are RF	rf,overlay,stead,threshold-paths	fb6d0e0278d06cc399b197d19cddae579970b28ffa2450f02e3e6e0cfb879169	canonical
stead-shared-surface-ledger	docs/simthing_core_design.md	heading:### 1.2 Shared-surface ledger and the one integration schedule	stead,overlay,rf,core-0087	22dc5612f14268a837beb18c2abd8445ae93a1b6cb24fd9843bde0328d8b44b7	canonical
stead-rejected-shapes	docs/simthing_core_design.md	heading:### 9.1 Rejected rival shapes	stead,overlay,rf,core-0087	7f75f8b552716a8e9078089f0a0dec070ffe43c1e1456b6d4d4553b326d02755	canonical
stemthing-lane-not-leg	docs/simthing_core_design.md	heading:### 1.1 Root identity, residency and recursive generation	stead,rf,core-0087,kernel-columns	30a32af111554f359f66fdacc0900f715ec781aa51267589074d764c36991a50	canonical
stemthing-slot-identity-ruling	docs/stead_stemthing_unification.md	heading:### 3.1 The slot-identity decision — constitutional blocker, ruled before any row is minted	kernel,seal,core-0087,kernel-columns	02c87b9126e122fc30c127183ec19bce61f430228b99a1f174766480481995ff	canonical
stemthing-binding-laws	docs/stead_stemthing_unification.md	heading:## 9. Binding laws and drift detectors	stead,rf,core-0087,kernel-columns	6787a118c3ca3396ca0e6089ea0485c42f79b3f5bd59a71685f64fa59bcac505	canonical
eml-admission-shapes	docs/full_eml_unification.md	heading:## 4. Formalizing `EXP` and `LN` — the two admission shapes	kernel-eml,kernel,core-0087	bdcc0b9512f7a3a3488940e045e88dba4c4282460100a0ddefc30dc72d55da44	canonical
eml-triad-integration	docs/full_eml_unification.md	heading:## 7. STEAD / RF Triad integration — immediate and horizon	kernel-eml,field-sweep-preservation,core-0087	dada7d6805578fc333d8d93a2ae8e93e48abfad13680ed0c26dd0df153a360ea	canonical
eml-integration-plan	docs/full_eml_unification.md	heading:## 10. Integration plan — ladder placement (Owner-directed 2026-08-03)	kernel-eml,core-0087	8eba54b02320a1045f2a4dd9ac0e309ee067b3a5eaf7424f1b940b1fe6982308	canonical
movement-front-adjudications	docs/adr/ClauseThingADR.md	heading:## 2. Decisions (the durable adjudications)	movement-front,map,map-domain,clausething-spatial,spatial,core-0087	5af6a29acb75573bdbd89a167aec73e3a3f6b342ffc980163e91cafa1e032efc	canonical
rf-arena-allocation-invariants	docs/invariants.md	heading:## Resource Flow Substrate	rf,driver,kernel,core-0087	06044c5b726f583bba326942d01a573058425db3be5516ab7e7a91f1bb6b5dd2	canonical
evaluation-identity-invariants	docs/invariants.md	heading:## Evaluation	sim,spec,core-0087	64ad30392930e7a5bf2fdefff674a859f69f85ebfd70963a6eb9c26c97e30f39	canonical
accumulator-op-v2-invariants	docs/invariants.md	heading:## AccumulatorOp v2	kernel-eml,rf,core-0087	32fb4fc36080f2b908669bb0e0bf1d348a415281e8c549cc0699b7f9b0a41da0	canonical
accumulator-exact-vs-soft-semantics	docs/adr_accumulator_op_v2.md	heading:## Semantic scope	kernel-eml,exact-numeric,threshold-paths	4d35a1fa546c82d54c7a1d6120d0ab50dda1cbc92d1b1d1343294cd06057bb60	canonical
intrinsic-constrained-clearing	docs/EML_exp_ln_unification_expansion.md	heading:## 4. Intrinsic constrained clearing — contention is the oversubscribed posture	rf,core-0087	957b7c81b7560e8c69e7ba7acb40305847b4b1f6edab81d5141d5632115c2753	canonical
candidate-f-exhaustive-proof-method	docs/full_eml_unification.md	heading:## 3. 0.0.8.7 as the emergent consumer — every condition discharged, none planned as EML work	exact-numeric,kernel-magnitude,threshold-paths	7c5ce0b93dab8e394851bcbcc32cc34d1ce3f6925065401e25936b33274ef08d	canonical
actionband-executive	docs/multi-axis-ActionBand-STEAD.md	heading:## 0. Executive definition and physical feasibility verdict	core-0087,actionband	9c7e004e213ba4d6be9db09024b828178f6532fac4ac7cdb5bbf31e6138bdddf	canonical
actionband-constitutional-placement	docs/multi-axis-ActionBand-STEAD.md	heading:## 1. Constitutional placement: ActionBand is the SimThing `act` facility	kernel,sim,driver,actionband	d56d9a04a62053ea30e43b86747fbfe7fc36b0e5f688ee277f65716c0bad7604	canonical
actionband-eml-payload-purity	docs/multi-axis-ActionBand-STEAD.md	heading:### 5.3 EML payload purity / bound emission law	kernel-eml,actionband	2a1d981f3958a2ac29c22af72faa87e663b33fd1ebc265dbcb258fa476cffd62	canonical
actionband-gpu-physical-model	docs/multi-axis-ActionBand-STEAD.md	heading:## 6. GPU physical model: sparse tables, bounded recursion, and one admission door	kernel,gpu,actionband	3252c1b3c3b5cdc6aefb44614376103dd9818aad77ba5783031853d9a100ed7f	canonical
actionband-binding-laws	docs/multi-axis-ActionBand-STEAD.md	heading:## 17. Candidate binding laws for DA review	core-0087,actionband	d6a8b1b2d673be9f19f430afc333e7490e1b45dd32cbd55c10cc1d2e37b7f660	canonical
actionband-vendorization-direction	docs/multi-axis-ActionBand-STEAD.md	heading:## 13. Movement is a derived/vendorized ActionBand implementation	sim,driver,actionband	20336db0d36613953d3c8ee9e76e64f475f734b66531e10869877d53cf87ca74	canonical
actionband-fenced-questions	docs/multi-axis-ActionBand-STEAD.md	heading:## 18. Explicitly fenced questions	actionband	c40674d92d1853f694630ff1c63c77ab419ac0e6b8364df6145ceb7b8ce9fa8e	canonical
actionband-target-forms	docs/multi-axis-ActionBand-STEAD.md	heading:### 4.2 Target forms are a closed admitted vocabulary	core-0087,kernel-eml,actionband	cffcf8f08d79f77056b18c3c2cc056acae03abc84ca889b58ad5447932bdb1c8	canonical
actionband-crossing-surface	docs/multi-axis-ActionBand-STEAD.md	heading:### 5.1 ActionBand crossings ARE the Phase-5 sealed crossing machinery	kernel,gpu,kernel-eml,actionband	52bdc5c1a13639fc02d8cbeaef79e939c7096082fe6c5ba4a0e4fb5ba0dacea9	canonical
actionband-axis-budget	docs/multi-axis-ActionBand-STEAD.md	heading:### 3.2 Axis/channel budget is admission-bounded	kernel,gpu,stead,actionband	52275c538689cd299b33239fa76c92c0a2b0c73343f8124d742c26b7a6272b3f	canonical
actionband-8x-sequencing	docs/multi-axis-ActionBand-STEAD.md	heading:### 8.3 Sequencing contract with 8.1 / 8.2 / Vector CostBand	rf,driver,core-0087,actionband	51b0932202c47ddee68dbfbe280b7e09809c40021f8f5b0b97118639c4696e3a	canonical
actionband-performance-model	docs/multi-axis-ActionBand-STEAD.md	heading:## 15. Performance implications of the GPU-only model	kernel,gpu,driver,actionband	8d93f06d4bae641f459a8636be47e1f0f4c732f89baf322c49ad113bef3d968a	canonical
actionband-determinism-lifecycle	docs/multi-axis-ActionBand-STEAD.md	heading:## 16. Determinism and lifecycle	kernel,gpu,sim,driver,actionband	6306c484732c0fde0cd9a3afe6fb959c1700189788e42c99be68557bd9863589	canonical
actionband-field-triad-authority	docs/multi-axis-ActionBand-STEAD.md	heading:## 7. The Field Triad supplies influence, route, and flux where each applies	kernel,gpu,sim,driver,stead,actionband	56cf5cdf2d2cb0f67b847a0ab3eb42157fd51c2b7ab37253dd37af412beab77f	canonical
actionband-native-authority-table	docs/multi-axis-ActionBand-STEAD.md	heading:## 12. Existing facilities retain their authority	kernel,gpu,sim,driver,rf,kernel-eml,actionband	541a03cb00a13ee073bbb7a854226054888b9528b31560f5024071e44be6eb97	canonical
overlay-closure-thesis	docs/stemthing_intrinsic_overlay_capability.md	heading:## 0. Executive thesis	core-0087,overlay-closure,actionband	241cc54c5706e42ace705d2b2a3dd8deb3de51e28d001f4b91c756612024a610	canonical
overlay-germ	docs/stemthing_intrinsic_overlay_capability.md	heading:## 6. Candidate intrinsic overlay germ	sim,driver,feeder,overlay-closure	f0c8d2ebade91a835e05c5629fe3ba1d24e09646726ed386b16a6d6d476d2456	canonical
overlay-scale-laws	docs/stemthing_intrinsic_overlay_capability.md	heading:## 15. Ancestor residency, inheritance, and million-child scale	kernel,sim,overlay-closure	c2ffb2826df78bc285fc3464332ad2aa7571cb269bd739679f5d9c82bea37527	canonical
overlay-designer-closure	docs/stemthing_intrinsic_overlay_capability.md	heading:## 16. Designer-language closure: complex modifiers, scopes, and feedback	spec,clausething,overlay-closure	4a047b29243d2b16b3217d10dd0f7bb93d5a914169e4e59a89e3fd0d51e3fc32	canonical
overlay-promoted-laws	docs/stemthing_intrinsic_overlay_capability.md	heading:## 18. Candidate promoted semantic laws	core-0087,overlay-closure	248c7893b462fa0e81253d6def2bee16323525b9e5c8a7fa4216b8eb42d8034e	canonical
unified-ingress-exclusivity	docs/simthing_core_design.md	heading:### 1.4 Unified ingress exclusivity	ingress-exclusivity,unified-ingress,production-consumer,census-gate,resolution-sink,proof-closure,dated-deferral	a45fefbe5e2c92d3b0fca8c4e69f1148d7e111ed8251f6b24503d809aa65d356	canonical
stemthing-b-market-grammar	docs/simthing_core_design.md	heading:### 1.5 Section-12 market grammar — StemThing-B	grant,disbursement,granting,grantee,draw,clearing,flow-market,conserved-resource,grant-lifecycle	6f3be9ce1a7273e89cba5023511f1adef97bf1e745f2dc4e17ee46ec85dab95a	canonical
anchor-pending-lifecycle	docs/simthing_core_design.md	heading:### 1.6 Anchor lifecycle and repoint law	anchor-lifecycle,pending-anchors,anchor-reap,deletion-ledger,repoint	2cf27228dffb1d4bbb855823e5e5811b5b377e67c7585f8dc65e3aa17bbdc1a9	canonical
admission-anatomy	docs/simthing_core_design.md	heading:### 1.8 Admission is part of the anatomy	admission-ladder,necessity-test	abf2217ed7e102821b0ae9e933bf4c8e33485e1a9ed1716bab48f16ed30b8bce	canonical
door-symmetry	docs/simthing_core_design.md	heading:### 8.1 Door symmetry	door-symmetry,vendor-door,replay-read,serialize-reopen,round-trip	6e452bfd97371dbba87a44e08313ad46d880a37a07c1b46043d660f5dd8393d3	canonical
admission-provenance	docs/design_0_0_8_7_rf_arena_modernization.md	row:ADMISSION-PROVENANCE-TYPED-0	admission-provenance,admission-refusal,law-id,element-path,typed-refusal	f2f4f08dc34fb9bcf735695a4e6ac99c874d306b2ed9ae2cac87c86dc0af58fe	canonical
clausescript-compatibility	docs/design_0_0_8_7_rf_arena_modernization.md	row:CLAUSETHING-ADMISSION-CONVERGENCE-0	clausescript,hydration,hydrate-and-admit,dialect,lowering,corpus-witness	9f3f10c432facadf6a967588334cd7429288c7a868b40e6c8b5fa0c8626245ba	canonical
star-naming-derivation	docs/design_0_0_8_7_rf_arena_modernization.md	row:STAR-NAMING-GOLDEN-TRUTH-0	star-naming,entity-names,golden-blessing,display-names,canonical-golden	8f35d442a22645500c6b8b240ddbbf89934914b1fb2f175e40ecf4d8f956200f	canonical
performance-debt-ledger	docs/design_0_0_8_7_rf_arena_modernization.md	row:WORKSHOP-CORPUS-TRIAGE-0	performance-debt,measurement-debt,lease,instrument-stale,owed-measurement,closeout-ledger	a92393f5e2b86d37a581ddb97fc41f8754ba63cbc9558b8387e9853ee31ec134	canonical
legacy-convergence-census	docs/design_0_0_8_7_rf_arena_modernization.md	row:LEGACY-SURFACE-CONVERGENCE-CENSUS-0	legacy-census,authoring-ingress,zero-arrow,dependency-arrow,parking-vocabulary,worklist	b8c633bd361eca7c1fb85a0415ca5fa830d6e39d496e1ebdbbb79777beaa18f8	canonical
clearing-weight-spans	docs/design_0_0_8_7_rf_arena_modernization.md	row:CLEARING-WEIGHT-SPAN-UNIFICATION-0	clearing-weight,span-unification,effective-weight,weight-inheritance,derived-spans	e5fa72a912f643f825e7475cde3e07946ddf26050317447b88c149956efdf682	canonical
weight-deformation-lifecycle	docs/design_0_0_8_7_rf_arena_modernization.md	row:CLEARING-WEIGHT-DEFORMATION-LIFECYCLE-0	deformation-lifecycle,changed-locus,invalidation,refresh,dependency-index	3c443f164075ca3aff9ccbcf0fadd01c0c723d04c8ee2135df7d2ccbef707e72	canonical
semantic-partition-law	docs/design_0_0_8_7_rf_arena_modernization.md	row:CLEARING-WEIGHT-SEMANTIC-PARTITION-0	semantic-partition,latent-boundary,derivation-boundary,window-refresh,re-coalescence	f4e3f681b54c2ccdd497da5e19b179d5f1d7924901c09eb3164b3cbb5d15ce75	canonical
async-non-foreclosure	docs/simthing_core_design.md	heading:### 8.2 Asynchronous subtrees — non-foreclosure laws (Owner-ruled 2026-08-30)	async,subtree,realm,seam,incarnation,non-foreclosure,remote-host,clearing-home	5eed08a2bd4995ec8fcf1aed270f2f8523c80c3622b5eaffe8a503448d0b9daf	canonical
generation-critical-path	docs/design_0_0_8_7_rf_arena_modernization.md	row:GENERATION-CRITICAL-PATH-BASELINE-0	critical-path,baseline,launch-delay,reclear,measurement-envelope,residual	73bcf2483d0f2d7ef78d6232515ed5c11b7168e90ddbb33353263a25a957ac2a	canonical
germ-self-consumption	docs/simthing_core_design.md	heading:### 1.5.1 The germ self-consumption law (Owner-ruled 2026-08-31)	germ,self-consumption,stemcell,recursive,intake,emission,type-identity,adapter	0d8478a3eb427a46e5ea77341726c01a7ad7a41596d2fddfdd75546d9b54a820	canonical
rf-market-mirror-cycle	docs/simthing_core_design.md	heading:#### 8.3.1 The mirror cycle and identical recursive ports	rf-market-core,constrained-clearing,receive-disburse,upsweep,downsweep,settlement,grant-supply	11f4e109f9c4e38c6f5489379bf3fd64a2e74561db0c720fca731e67789217bd	canonical
rf-market-receive-not-recompute	docs/simthing_core_design.md	heading:#### 8.3.2 Receive, do not recompute	rf-market-core,receive-not-recompute,zero-new-state,clearing-inputs,no-translate	75bb25802f4c10717c7be709838820997e234d9154b378bb844d700d78e4c318	canonical
rf-market-port-census	docs/simthing_core_design.md	heading:#### 8.3.3 Surface-reuse and settled-code census	rf-market-core,surface-reuse-matrix,recursive-port-census,missing-stop,self-consumption	73c4de6994a0b145cb498e07fdcb0a03914a3b37c034a2adc661ca433e951014	canonical
rf-market-settled-code-census	docs/simthing_core_design.md	heading:#### 8.3.3 Surface-reuse and settled-code census	rf-market-core,settled-code-census,dated-debt,in-flight-fix,port-mismatch	73c4de6994a0b145cb498e07fdcb0a03914a3b37c034a2adc661ca433e951014	canonical
rf-market-candidate-laws	docs/simthing_core_design.md	heading:#### 8.3.4 Resident authority, replay live head, and CPU division	rf-market-core,market-laws,pressure-to-allocation,neutral-identity,transparency,generation-pacing	6a45af68a6f6f26b161c92bf2ce06d4b051d4544eae25cbdb6df56845bf186c5	canonical
rf-market-falsifiers	docs/simthing_core_design.md	heading:#### 8.3.5 Binding falsifiers	rf-market-core,market-falsifiers,remand-conditions,adapter-mutant,newtype-bridge	34ea44794853802f467463c73d8e95af7f2d642aa735683df7ae60b93f9621c1	canonical
phase15-filter-operator	docs/simthing_core_design.md	heading:#### 8.4.1 One recursively composable filter	recursive-filter,resource-filter,R-operator,two-projections,Q-compose-R,phase15	5ec8fcbb89d317522354e7be42b2b1561d344d39b05533a7836583a28360ea3b	canonical
phase15-recursion-axes	docs/simthing_core_design.md	heading:#### 8.4.2 Spatial and temporal recursion axes	spatial-recursion,temporal-recursion,self-consumption-axes,d-effective,edge-supply-identity	1a5926d18e3ae40acaaaedd83c15966a23cdd6e03cc7af1c50ac2b646269711e	canonical
phase15-sufficient-statistic	docs/simthing_core_design.md	heading:#### 8.4.3 Born sufficient statistic	sufficient-statistic,per-band-PF,A-lambda,response-law,lambda-implicit,shadow-price	597a7570780aa126648e6b44b781f4245d0963bd42434056e4490353821f662b	canonical
phase15-deletion-census	docs/simthing_core_design.md	heading:#### 8.4.4 Peer-authority deletion census	peer-authority-census,deletion-metric,economic-authorities,unification-exit	5940ef76762fac13691148f7848031dc607807e34e14952dcd5e67ebcb5bfece	canonical
resident-clearing-cutover-canon	docs/simthing_core_design.md	heading:### 8.3 Resident RF market clearing — Phase-14 closure	resident-clearing,cutover,clearing-execution-posture,bounded-egress,recursive-intake,vendorized-oracle,live-head	c9fdd173f2336b1b3e2678ef689cfa9c8e121417e81e81dccf7f7c3c52515384	canonical
rehearsal-0088-mission	docs/0_0_8_8_Integrated_SimThing_Rehearsal.md	heading:## 1. North star	rehearsal-0088,core-0087	c9a7689166ed203488ce54c2ac95d2f8dfa71523e70c3d9d081d068fab98e351	canonical
rehearsal-0088-pillars	docs/0_0_8_8_Integrated_SimThing_Rehearsal.md	heading:## 2. Pillars (binding at commitment)	rehearsal-0088	f08b68dddbc6ea26e8311652b2a5ff8a87dc72078609839c5d8c50142781becb	canonical
rehearsal-0088-ladder	docs/0_0_8_8_Integrated_SimThing_Rehearsal.md	heading:## 3a. Cadence and graduation protocol (binding)	rehearsal-0088,orientation	6b7ca0ea6e0109ce6cad5a0ad62c67aaa8713d6595a765c0371fd34ec66d6b09	canonical
rehearsal-0088-binding-laws	docs/0_0_8_8_Integrated_SimThing_Rehearsal.md	heading:## 4. Binding laws (carry from day one)	rehearsal-0088,core-0087	25af224d1debc66ac937bc0f0a74c0fb210c62c926908ffaf993208bb86c046e	canonical
rehearsal-0088-exposure-matrix	docs/0_0_8_8_Integrated_SimThing_Rehearsal.md	heading:## 5.1 Exposure matrix (Owner Clause C)	rehearsal-0088,performance-debt,measurement-debt	08cd697d3851528791945c37c1120ac36a7c6c367f33b2b57a3effbcf2106fe8	canonical
rehearsal-0088-legacy-census	docs/0_0_8_8_Integrated_SimThing_Rehearsal.md	heading:## 5.2 Legacy conformance census (Owner Clause B, flattened per the addendum)	rehearsal-0088,legacy-census,authoring-ingress,worklist	9dd38aedb7207acbf0e9747f1fb3ca7c14b101449e256ae3f8285289535d718f	canonical
rehearsal-0088-construction-contract	docs/0_0_8_8_Integrated_SimThing_Rehearsal.md	heading:## 5.3 Construction contract (F2 ruling)	rehearsal-0088,actionband,rf	bdd51c7c4ae275ce76e645847539dc86701068cfe6cf23f23b59a55478413745	canonical
rehearsal-0088-movement-contract	docs/0_0_8_8_Integrated_SimThing_Rehearsal.md	heading:## 5.4 Movement contract (F3 ruling)	rehearsal-0088,actionband,movement-front	6e48ba6b9d6c4837087118be6f0aae7eea9463f8ddad87b31e0254910af6861e	canonical
rehearsal-0088-combat-contract	docs/0_0_8_8_Integrated_SimThing_Rehearsal.md	heading:## 5.5 Combat contract (F4 ruling — the frozen V1 generation order)	rehearsal-0088,actionband,overlay	d338735485a6bd84ca4f2f1b32c2c7b738df7f370167789f0275497c14c94209	canonical
rehearsal-0088-acceptances	docs/0_0_8_8_Integrated_SimThing_Rehearsal.md	heading:## 5.6 Application specimen and named acceptances (F5 ruling)	rehearsal-0088,clausescript,studio	3d95d334fafe6daf9beab094cf3c6ba6e012d2841c694f52ae843286d754d28a	canonical
rehearsal-0088-measurement	docs/0_0_8_8_Integrated_SimThing_Rehearsal.md	heading:## 5.7 Measurement contract (F6 + F10 rulings)	rehearsal-0088,performance-debt,measurement-debt	8d639c581ade4a807094dc70282da22772f1624a2db635b6b768b7c2118454cc	canonical
rehearsal-0088-routing	docs/0_0_8_8_Integrated_SimThing_Rehearsal.md	heading:## 6. Routing and graduation (flattened conservative route)	rehearsal-0088,orientation	ac4e7d2c5a61f1079344a9aa8eb0b348664ddf06bc70dc7dfaf5e06812eb6470	canonical
rehearsal-0088-growth	docs/0_0_8_8_Integrated_SimThing_Rehearsal.md	heading:## 7. Growth allowance (Owner Clause D)	rehearsal-0088,scenario-candidate-home	27dc695086319f2b51b818c2f824cd2d6213539d5b230a0e679636667f1fe88f	canonical
rehearsal-0088-charter	docs/0_0_8_8_Integrated_SimThing_Rehearsal.md	heading:## 5.8 CHARTER rulings (rung 0.1, frozen 2026-09-09)	rehearsal-0088	056bfe9205e7d20776f9a1ae4687e3e4a9e21a35f77c5b7a2137b589f91f1f8a	canonical
