anchor_id	doc	section	owner_authority
simthing-principle	docs/simthing_core_design.md	intro:## 1. The SimThing Principle — one closed recursive stem-cell kernel	Owner 2026-09-28 (Board 5872780649)
field-policy-time-decisions	docs/simthing_core_design.md	heading:## 8. Time, decisions, and the CPU's only job	Owner 2026-09-28 (Board 5872780649)
founding-ontology-invariants	docs/design_0_0_8_3.md	lines:95-135	Owner 2026-09-28 (Board 5872780649)
simthing-0087-pillars	docs/design_0_0_8_7_rf_arena_modernization.md	heading:## 2. Pillars (Owner requirements, binding at commitment)	Owner 2026-09-28 (Board 5872780649)
simthing-0087-binding-laws	docs/design_0_0_8_7_rf_arena_modernization.md	heading:## 4. Binding laws (carry from day one)	Owner 2026-09-28 (Board 5872780649)
rf-arena-substrate	docs/adr/resource_flow_substrate.md	heading:# ADR: Resource Flow Substrate	Owner 2026-09-28 (Board 5872780649)
stead-shared-surface-ledger	docs/simthing_core_design.md	heading:### 1.2 Shared-surface ledger and the one integration schedule	Owner 2026-09-28 (Board 5872780649)
stead-rejected-shapes	docs/simthing_core_design.md	heading:### 9.1 Rejected rival shapes	Owner 2026-09-28 (Board 5872780649)
stemthing-lane-not-leg	docs/simthing_core_design.md	heading:### 1.1 Root identity, residency and recursive generation	Owner 2026-09-28 (Board 5872780649)
stemthing-slot-identity-ruling	docs/stead_stemthing_unification.md	heading:### 3.1 The slot-identity decision — constitutional blocker, ruled before any row is minted	Owner 2026-09-28 (Board 5872780649)
stemthing-binding-laws	docs/stead_stemthing_unification.md	heading:## 9. Binding laws and drift detectors	Owner 2026-09-28 (Board 5872780649)
eml-admission-shapes	docs/full_eml_unification.md	heading:## 4. Formalizing `EXP` and `LN` — the two admission shapes	Owner 2026-09-28 (Board 5872780649)
eml-triad-integration	docs/full_eml_unification.md	heading:## 7. STEAD / RF Triad integration — immediate and horizon	Owner 2026-09-28 (Board 5872780649)
eml-integration-plan	docs/full_eml_unification.md	heading:## 10. Integration plan — ladder placement (Owner-directed 2026-08-03)	Owner 2026-09-28 (Board 5872780649)
movement-front-adjudications	docs/adr/ClauseThingADR.md	heading:## 2. Decisions (the durable adjudications)	Owner 2026-09-28 (Board 5872780649)
rf-arena-allocation-invariants	docs/invariants.md	heading:## Resource Flow Substrate	Owner 2026-09-28 (Board 5872780649)
evaluation-identity-invariants	docs/invariants.md	heading:## Evaluation	Owner 2026-09-28 (Board 5872780649)
accumulator-op-v2-invariants	docs/invariants.md	heading:## AccumulatorOp v2	Owner 2026-09-28 (Board 5872780649)
intrinsic-constrained-clearing	docs/EML_exp_ln_unification_expansion.md	heading:## 4. Intrinsic constrained clearing — contention is the oversubscribed posture	Owner 2026-09-28 (Board 5872780649)
actionband-executive	docs/multi-axis-ActionBand-STEAD.md	heading:## 0. Executive definition and physical feasibility verdict	Owner 2026-09-28 (Board 5872780649)
actionband-binding-laws	docs/multi-axis-ActionBand-STEAD.md	heading:## 17. Candidate binding laws for DA review	Owner 2026-09-28 (Board 5872780649)
actionband-target-forms	docs/multi-axis-ActionBand-STEAD.md	heading:### 4.2 Target forms are a closed admitted vocabulary	Owner 2026-09-28 (Board 5872780649)
actionband-8x-sequencing	docs/multi-axis-ActionBand-STEAD.md	heading:### 8.3 Sequencing contract with 8.1 / 8.2 / Vector CostBand	Owner 2026-09-28 (Board 5872780649)
overlay-closure-thesis	docs/stemthing_intrinsic_overlay_capability.md	heading:## 0. Executive thesis	Owner 2026-09-28 (Board 5872780649)
overlay-promoted-laws	docs/stemthing_intrinsic_overlay_capability.md	heading:## 18. Candidate promoted semantic laws	Owner 2026-09-28 (Board 5872780649)
